Workbook

Sheet FTEUtilisation
A1: Resource_ID | B1: Resource_Name | C1: Role | D1: Project_Code | E1: Hours_Logged | F1: Hourly_Rate_INR | G1: Billable_Amount_INR
A2: 1001 | B2: Aarav Sharma | C2: Senior Product Manager | D2: PROD-2024-01 | E2: 40 | F2: =IFERROR(VLOOKUP(A2,RateCard!$A$2:$D$11,4,FALSE()),800) -> 2500 | G2: =E2*F2 -> 100000
A3: 1002 | B3: Priya Mehta | C3: Product Manager | D3: PROD-2024-02 | E3: 35 | F3: =IFERROR(VLOOKUP(A3,RateCard!$A$2:$D$11,4,FALSE()),800) -> 2000 | G3: =E3*F3 -> 70000
A4: 1003 | B4: Rohan Iyer | C4: Product Manager | D4: PROD-2024-01 | E4: 28 | F4: =IFERROR(VLOOKUP(A4,RateCard!$A$2:$D$11,4,FALSE()),800) -> 2000 | G4: =E4*F4 -> 56000
A5: 1004 | B5: Sneha Patel | C5: Associate Product Manager | D5: PROD-2024-03 | E5: 42 | F5: =IFERROR(VLOOKUP(A5,RateCard!$A$2:$D$11,4,FALSE()),800) -> 1500 | G5: =E5*F5 -> 63000
A6: 1005 | B6: Arjun Nair | C6: Associate Product Manager | D6: PROD-2024-02 | E6: 20 | F6: =IFERROR(VLOOKUP(A6,RateCard!$A$2:$D$11,4,FALSE()),800) -> 1500 | G6: =E6*F6 -> 30000
A7: 1006 | B7: Divya Krishnan | C7: Product Analyst | D7: PROD-2024-04 | E7: 0 | F7: =IFERROR(VLOOKUP(A7,RateCard!$A$2:$D$11,4,FALSE()),800) -> 1200 | G7: =E7*F7 -> 0
A8: 1007 | B8: Karthik Raj | C8: Senior Product Manager | D8: PROD-2024-03 | E8: 38 | F8: =IFERROR(VLOOKUP(A8,RateCard!$A$2:$D$11,4,FALSE()),800) -> 2500 | G8: =E8*F8 -> 95000
A9: 1008 | B9: Nisha Gupta | C9: Product Manager | D9: PROD-2024-04 | E9: 22 | F9: =IFERROR(VLOOKUP(A9,RateCard!$A$2:$D$11,4,FALSE()),800) -> 2000 | G9: =E9*F9 -> 44000
A10: 1009 | B10: Vikram Singh | C10: Associate Product Manager | D10: PROD-2024-01 | E10: 15 | F10: =IFERROR(VLOOKUP(A10,RateCard!$A$2:$D$11,4,FALSE()),800) -> 1500 | G10: =E10*F10 -> 22500
A11: 1010 | B11: Ananya Bose | C11: Senior Product Manager | D11: PROD-2024-02 | E11: 50 | F11: =IFERROR(VLOOKUP(A11,RateCard!$A$2:$D$11,4,FALSE()),800) -> 2500 | G11: =E11*F11 -> 125000
A12: EXT-01 | B12: Rahul Kapoor | C12: External Consultant | D12: PROD-2024-05 | E12: 18 | F12: =IFERROR(VLOOKUP(A12,RateCard!$A$2:$D$11,4,FALSE()),800) -> 800 | G12: =E12*F12 -> 14400
A13: EXT-02 | B13: Supriya Das | C13: External Consultant | D13: PROD-2024-05 | E13: 25 | F13: =IFERROR(VLOOKUP(A13,RateCard!$A$2:$D$11,4,FALSE()),800) -> 800 | G13: =E13*F13 -> 20000
A14: 1003 | B14: Rohan Iyer | C14: Product Manager | D14: PROD-2024-05 | E14: 12 | F14: =IFERROR(VLOOKUP(A14,RateCard!$A$2:$D$11,4,FALSE()),800) -> 2000 | G14: =E14*F14 -> 24000
A15: 1001 | B15: Aarav Sharma | C15: Senior Product Manager | D15: PROD-2024-04 | E15: 8 | F15: =IFERROR(VLOOKUP(A15,RateCard!$A$2:$D$11,4,FALSE()),800) -> 2500 | G15: =E15*F15 -> 20000
A17: FACILITATOR NOTE — Trap identification: Trap (a) Rows 9-10: Resource_IDs '1008' and '1009' stored as TEXT in col A; RateCard stores them as NUMBERS. VLOOKUP type-mismatch fires IFERROR → fallback rate ₹800/hr. Expected: ₹17,600 (row 9) and ₹12,000 (row 10). Trap (b) Rows 11-12: EXT-01, EXT-02 absent from RateCard. IFERROR fires → ₹800/hr. Expected: ₹14,400 and ₹20,000. Trap (c) Row 7: Hours_Logged = 0. Billable_Amount must return 0 (not blank). Cell E7 must contain 0 (integer), not an empty string. Formula =E7*F7 then yields 0 correctly.

Sheet RateCard
A1: Resource_ID | B1: Resource_Name | C1: Role | D1: Hourly_Rate_INR
A2: 1001 | B2: Aarav Sharma | C2: Senior Product Manager | D2: 2500
A3: 1002 | B3: Priya Mehta | C3: Product Manager | D3: 2000
A4: 1003 | B4: Rohan Iyer | C4: Product Manager | D4: 2000
A5: 1004 | B5: Sneha Patel | C5: Associate Product Manager | D5: 1500
A6: 1005 | B6: Arjun Nair | C6: Associate Product Manager | D6: 1500
A7: 1006 | B7: Divya Krishnan | C7: Product Analyst | D7: 1200
A8: 1007 | B8: Karthik Raj | C8: Senior Product Manager | D8: 2500
A9: 1008 | B9: Nisha Gupta | C9: Product Manager | D9: 2000
A10: 1009 | B10: Vikram Singh | C10: Associate Product Manager | D10: 1500
A11: 1010 | B11: Ananya Bose | C11: Senior Product Manager | D11: 2500
A13: FACILITATOR NOTE: IDs 1008 and 1009 are stored as NUMBERS here. In FTEUtilisation, those same IDs are entered as TEXT strings, triggering IFERROR (fallback ₹800). Fallback rate also applies to EXT-01/EXT-02 (not in this table).
