Workbook

Sheet StaffAllocation
A1: Staff_ID | B1: Staff_Name | C1: Process_Code | D1: Grade
A2: PM-001 | B2: Aarav Sharma | C2: DISC | D2: L1
A3: PM-002 | B3: Priya Mehta | C3: DISC | D3: L1
A4: PM-003 | B4: Rohan Iyer | C4: DISC | D4: L2
A5: PM-004 | B5: Sneha Patel | C5: DISC | D5: L2
A6: PM-005 | B6: Arjun Nair | C6: DISC | D6: L3
A7: PM-006 | B7: Divya Krishnan | C7: DISC | D7: L4
A8: PM-007 | B8: Karthik Raj | C8: ROAD | D8: L2
A9: PM-008 | B9: Nisha Gupta | C9: ROAD | D9: L2
A10: PM-009 | B10: Vikram Singh | C10: ROAD | D10: L3
A11: PM-010 | B11: Ananya Bose | C11: ROAD | D11: L3
A12: PM-011 | B12: Rahul Kapoor | C12: ROAD | D12: L4
... A21: PM-020 | B21: Divyesh Mehta | C21: GOVN | D21: L3
A23: FACILITATOR NOTE: Trap (a): There is NO row with Process_Code='DLVR' AND Grade='L4'. A single-key VLOOKUP on Process_Code alone would incorrectly match DLVR-L1/L2/L3 rows. COUNTIFS with BOTH keys correctly returns 0 for DLVR-L4. Trap (b): DLVR-L4 allocated=0. Nested IF must check =0 FIRST ('Not Staffed') before the Understaffed branch. Wrong IF order gives 'Understaffed' instead of 'Not Staffed'. Trap (c): DISC-L1 (2 staff) and DLVR-L2 (2 staff) exactly meet requirements. These must be 'Fully Staffed' with blank Gap and excluded from the gap report.

Sheet ProcessRequirements
A1: Process_Code | B1: Process_Name | C1: Grade | D1: Required_FTE | E1: Allocated_FTE | F1: Status | G1: Gap
A2: DISC | B2: Product Discovery | C2: L1 | D2: 2 | E2: =COUNTIFS(StaffAllocation!$C$2:$C$21,$A2,StaffAllocation!$D$2:$D$21,$C2) -> 2 | F2: =IF(E2=0,"Not Staffed",IF(E2>=$D2,"Fully Staffed","Understaffed")) -> Fully Staffed | G2: =IF(F2<>"Fully Staffed",E2-D2,"")
A3: DISC | B3: Product Discovery | C3: L2 | D3: 3 | E3: =COUNTIFS(StaffAllocation!$C$2:$C$21,$A3,StaffAllocation!$D$2:$D$21,$C3) -> 2 | F3: =IF(E3=0,"Not Staffed",IF(E3>=$D3,"Fully Staffed","Understaffed")) -> Understaffed | G3: =IF(F3<>"Fully Staffed",E3-D3,"") -> -1
A4: DISC | B4: Product Discovery | C4: L3 | D4: 2 | E4: =COUNTIFS(StaffAllocation!$C$2:$C$21,$A4,StaffAllocation!$D$2:$D$21,$C4) -> 1 | F4: =IF(E4=0,"Not Staffed",IF(E4>=$D4,"Fully Staffed","Understaffed")) -> Understaffed | G4: =IF(F4<>"Fully Staffed",E4-D4,"") -> -1
A5: DISC | B5: Product Discovery | C5: L4 | D5: 1 | E5: =COUNTIFS(StaffAllocation!$C$2:$C$21,$A5,StaffAllocation!$D$2:$D$21,$C5) -> 1 | F5: =IF(E5=0,"Not Staffed",IF(E5>=$D5,"Fully Staffed","Understaffed")) -> Fully Staffed | G5: =IF(F5<>"Fully Staffed",E5-D5,"")
A6: ROAD | B6: Roadmap Planning | C6: L2 | D6: 1 | E6: =COUNTIFS(StaffAllocation!$C$2:$C$21,$A6,StaffAllocation!$D$2:$D$21,$C6) -> 2 | F6: =IF(E6=0,"Not Staffed",IF(E6>=$D6,"Fully Staffed","Understaffed")) -> Fully Staffed | G6: =IF(F6<>"Fully Staffed",E6-D6,"")
A7: ROAD | B7: Roadmap Planning | C7: L3 | D7: 3 | E7: =COUNTIFS(StaffAllocation!$C$2:$C$21,$A7,StaffAllocation!$D$2:$D$21,$C7) -> 2 | F7: =IF(E7=0,"Not Staffed",IF(E7>=$D7,"Fully Staffed","Understaffed")) -> Understaffed | G7: =IF(F7<>"Fully Staffed",E7-D7,"") -> -1
A8: ROAD | B8: Roadmap Planning | C8: L4 | D8: 2 | E8: =COUNTIFS(StaffAllocation!$C$2:$C$21,$A8,StaffAllocation!$D$2:$D$21,$C8) -> 1 | F8: =IF(E8=0,"Not Staffed",IF(E8>=$D8,"Fully Staffed","Understaffed")) -> Understaffed | G8: =IF(F8<>"Fully Staffed",E8-D8,"") -> -1
A9: DLVR | B9: Feature Delivery | C9: L2 | D9: 2 | E9: =COUNTIFS(StaffAllocation!$C$2:$C$21,$A9,StaffAllocation!$D$2:$D$21,$C9) -> 2 | F9: =IF(E9=0,"Not Staffed",IF(E9>=$D9,"Fully Staffed","Understaffed")) -> Fully Staffed | G9: =IF(F9<>"Fully Staffed",E9-D9,"")
A10: DLVR | B10: Feature Delivery | C10: L3 | D10: 4 | E10: =COUNTIFS(StaffAllocation!$C$2:$C$21,$A10,StaffAllocation!$D$2:$D$21,$C10) -> 1 | F10: =IF(E10=0,"Not Staffed",IF(E10>=$D10,"Fully Staffed","Understaffed")) -> Understaffed | G10: =IF(F10<>"Fully Staffed",E10-D10,"") -> -3
A11: DLVR | B11: Feature Delivery | C11: L4 | D11: 2 | E11: =COUNTIFS(StaffAllocation!$C$2:$C$21,$A11,StaffAllocation!$D$2:$D$21,$C11) -> 0 | F11: =IF(E11=0,"Not Staffed",IF(E11>=$D11,"Fully Staffed","Understaffed")) -> Not Staffed | G11: =IF(F11<>"Fully Staffed",E11-D11,"") -> -2
A12: GOVN | B12: Governance | C12: L1 | D12: 3 | E12: =COUNTIFS(StaffAllocation!$C$2:$C$21,$A12,StaffAllocation!$D$2:$D$21,$C12) -> 1 | F12: =IF(E12=0,"Not Staffed",IF(E12>=$D12,"Fully Staffed","Understaffed")) -> Understaffed | G12: =IF(F12<>"Fully Staffed",E12-D12,"") -> -2
A15: GAP REPORT — Not Staffed first; then Understaffed by |Gap| descending
A16: Process_Code | B16: Process_Name | C16: Grade | D16: Required_FTE | E16: Allocated_FTE | F16: Status | G16: Gap
A17: DLVR | B17: Feature Delivery | C17: L4 | D17: 2 | E17: 0 | F17: Not Staffed | G17: -2
A18: DLVR | B18: Feature Delivery | C18: L3 | D18: 4 | E18: 1 | F18: Understaffed | G18: -3
A19: GOVN | B19: Governance | C19: L1 | D19: 3 | E19: 1 | F19: Understaffed | G19: -2
A20: ROAD | B20: Roadmap Planning | C20: L3 | D20: 3 | E20: 2 | F20: Understaffed | G20: -1
A21: ROAD | B21: Roadmap Planning | C21: L4 | D21: 2 | E21: 1 | F21: Understaffed | G21: -1
A22: DISC | B22: Product Discovery | C22: L2 | D22: 3 | E22: 2 | F22: Understaffed | G22: -1
A23: DISC | B23: Product Discovery | C23: L3 | D23: 2 | E23: 1 | F23: Understaffed | G23: -1
A26: Fully Staffed — EXCLUDED from gap report
A27: Process_Code | B27: Process_Name | C27: Grade | D27: Required_FTE | E27: Allocated_FTE | F27: Status | G27: Gap
A28: DISC | B28: Product Discovery | C28: L1 | D28: 2 | E28: 2 | F28: Fully Staffed
A29: DISC | B29: Product Discovery | C29: L4 | D29: 1 | E29: 1 | F29: Fully Staffed
A30: ROAD | B30: Roadmap Planning | C30: L2 | D30: 1 | E30: 2 | F30: Fully Staffed
A31: DLVR | B31: Feature Delivery | C31: L2 | D31: 2 | E31: 2 | F31: Fully Staffed
A34: FACILITATOR NOTE: Trap (a): Single-key VLOOKUP on Process_Code alone returns first matching row (wrong grade). COUNTIFS formula: =COUNTIFS(StaffAllocation!$C$2:$C$21,A2,StaffAllocation!$D$2:$D$21,C2) — both keys mandatory. Trap (b): DLVR-L4 Allocated=0 → Status must be 'Not Staffed' (not 'Understaffed'). Nested IF order: IF(E=0,'Not Staffed',IF(E>=D,'Fully Staffed','Understaffed')). Trap (c): DISC-L1 and DLVR-L2 are exactly met (Alloc=Req=2). Status='Fully Staffed'; Gap must be blank not 0; excluded from gap report. ROAD-L2 is over-allocated (Alloc=2>Req=1) → also 'Fully Staffed'.
