Workbook

Sheet TicketLog
A1: Ticket_ID | B1: Feature_Summary | C1: Category | D1: Team | E1: Delay_Days | F1: SLA_Status | G1: Penalty_INR
A2: T-001 | B2: PRD Review & Sign-off | C2: P1 | D2: Discovery | E2: 2 | F2: =IF(E2<=VLOOKUP(C2,SLAReference!$A$2:$C$4,2,FALSE()),"Met","Breach") -> Met | G2: =IF(F2="Breach",(E2-VLOOKUP(C2,SLAReference!$A$2:$C$4,2,FALSE()))*VLOOKUP(C2,SLAReference!$A$2:$C$4,3,FALSE()),0) -> 0
A3: T-002 | B3: Sprint Planning Facilitation | C3: P2 | D3: Delivery | E3: 6 | F3: =IF(E3<=VLOOKUP(C3,SLAReference!$A$2:$C$4,2,FALSE()),"Met","Breach") -> Breach | G3: =IF(F3="Breach",(E3-VLOOKUP(C3,SLAReference!$A$2:$C$4,2,FALSE()))*VLOOKUP(C3,SLAReference!$A$2:$C$4,3,FALSE()),0) -> 2000
A4: T-003 | B4: Compliance Policy Documentation | C4: P3 | D4: Governance | E4: 10 | F4: =IF(E4<=VLOOKUP(C4,SLAReference!$A$2:$C$4,2,FALSE()),"Met","Breach") -> Met | G4: =IF(F4="Breach",(E4-VLOOKUP(C4,SLAReference!$A$2:$C$4,2,FALSE()))*VLOOKUP(C4,SLAReference!$A$2:$C$4,3,FALSE()),0) -> 0
A5: T-004 | B5: Roadmap Prioritisation Workshop | C5: P1 | D5: Discovery | E5: 3 | F5: =IF(E5<=VLOOKUP(C5,SLAReference!$A$2:$C$4,2,FALSE()),"Met","Breach") -> Breach | G5: =IF(F5="Breach",(E5-VLOOKUP(C5,SLAReference!$A$2:$C$4,2,FALSE()))*VLOOKUP(C5,SLAReference!$A$2:$C$4,3,FALSE()),0) -> 5000
A6: T-005 | B6: Backlog Grooming & Refinement | C6: P2 | D6: Delivery | E6: 4 | F6: =IF(E6<=VLOOKUP(C6,SLAReference!$A$2:$C$4,2,FALSE()),"Met","Breach") -> Met | G6: =IF(F6="Breach",(E6-VLOOKUP(C6,SLAReference!$A$2:$C$4,2,FALSE()))*VLOOKUP(C6,SLAReference!$A$2:$C$4,3,FALSE()),0) -> 0
A7: T-006 | B7: Release Sign-off Review | C7: P1 | D7: Governance | E7: 1 | F7: =IF(E7<=VLOOKUP(C7,SLAReference!$A$2:$C$4,2,FALSE()),"Met","Breach") -> Met | G7: =IF(F7="Breach",(E7-VLOOKUP(C7,SLAReference!$A$2:$C$4,2,FALSE()))*VLOOKUP(C7,SLAReference!$A$2:$C$4,3,FALSE()),0) -> 0
A8: T-007 | B8: User Research Synthesis Report | C8: P2 | D8: Discovery | E8: 5 | F8: =IF(E8<=VLOOKUP(C8,SLAReference!$A$2:$C$4,2,FALSE()),"Met","Breach") -> Met | G8: =IF(F8="Breach",(E8-VLOOKUP(C8,SLAReference!$A$2:$C$4,2,FALSE()))*VLOOKUP(C8,SLAReference!$A$2:$C$4,3,FALSE()),0) -> 0
A9: T-008 | B9: BRD Finalisation & Approval | C9: P3 | D9: Governance | E9: 12 | F9: =IF(E9<=VLOOKUP(C9,SLAReference!$A$2:$C$4,2,FALSE()),"Met","Breach") -> Breach | G9: =IF(F9="Breach",(E9-VLOOKUP(C9,SLAReference!$A$2:$C$4,2,FALSE()))*VLOOKUP(C9,SLAReference!$A$2:$C$4,3,FALSE()),0) -> 2000
A10: T-009 | B10: Sprint Retrospective Analysis | C10: P2 | D10: Delivery | E10: 8 | F10: =IF(E10<=VLOOKUP(C10,SLAReference!$A$2:$C$4,2,FALSE()),"Met","Breach") -> Breach | G10: =IF(F10="Breach",(E10-VLOOKUP(C10,SLAReference!$A$2:$C$4,2,FALSE()))*VLOOKUP(C10,SLAReference!$A$2:$C$4,3,FALSE()),0) -> 6000
A11: T-010 | B11: Market Sizing Analysis | C11: P3 | D11: Discovery | E11: 5 | F11: =IF(E11<=VLOOKUP(C11,SLAReference!$A$2:$C$4,2,FALSE()),"Met","Breach") -> Met | G11: =IF(F11="Breach",(E11-VLOOKUP(C11,SLAReference!$A$2:$C$4,2,FALSE()))*VLOOKUP(C11,SLAReference!$A$2:$C$4,3,FALSE()),0) -> 0
A12: T-011 | B12: Feature Feasibility Assessment | C12: P1 | D12: Delivery | E12: 4 | F12: =IF(E12<=VLOOKUP(C12,SLAReference!$A$2:$C$4,2,FALSE()),"Met","Breach") -> Breach | G12: =IF(F12="Breach",(E12-VLOOKUP(C12,SLAReference!$A$2:$C$4,2,FALSE()))*VLOOKUP(C12,SLAReference!$A$2:$C$4,3,FALSE()),0) -> 10000
A13: T-012 | B13: Regulatory Change Documentation | C13: P3 | D13: Governance | E13: 7 | F13: =IF(E13<=VLOOKUP(C13,SLAReference!$A$2:$C$4,2,FALSE()),"Met","Breach") -> Met | G13: =IF(F13="Breach",(E13-VLOOKUP(C13,SLAReference!$A$2:$C$4,2,FALSE()))*VLOOKUP(C13,SLAReference!$A$2:$C$4,3,FALSE()),0) -> 0
A15: FACILITATOR NOTE: Trap (a) Boundary rows T-001 (P1, Delay=2=Threshold), T-003 (P3, Delay=10=Threshold), T-007 (P2, Delay=5=Threshold): delay EQUALS threshold → must return 'Met' not 'Breach'. IF condition must use <= (less-than-or-equal). Penalty must be 0, not blank. Trap (b) All Met rows: Penalty_INR must show 0, not blank. The IF false-branch must explicitly return 0: IF(F2="Breach",...,0). Trap (c) SUMIF team totals in SLAReference must use absolute references ($D$2:$D$13 and $G$2:$G$13) to prevent range shift when copying across teams.

Sheet SLAReference
A1: Category | B1: SLA_Threshold_Days | C1: Penalty_Per_Day_INR
A2: P1 | B2: 2 | C2: 5000
A3: P2 | B3: 5 | C3: 2000
A4: P3 | B4: 10 | C4: 1000
A6: Team Penalty Summary (SUMIF)
A7: Team | B7: Total_Penalty_INR
A8: Discovery | B8: =SUMIF(TicketLog!$D$2:$D$13,"Discovery",TicketLog!$G$2:$G$13) -> 5000
A9: Delivery | B9: =SUMIF(TicketLog!$D$2:$D$13,"Delivery",TicketLog!$G$2:$G$13) -> 18000
A10: Governance | B10: =SUMIF(TicketLog!$D$2:$D$13,"Governance",TicketLog!$G$2:$G$13) -> 2000
A13: FACILITATOR NOTE — Expected SUMIF output: Discovery: ₹5,000 (T-004 breach only: 1 day × ₹5,000) Delivery: ₹18,000 (T-002 ₹2K + T-009 ₹6K + T-011 ₹10K) Governance: ₹2,000 (T-008 breach only: 2 days × ₹1,000) Boundary rows T-001, T-003, T-007 → Penalty = 0. SUMIF absolute refs required: $D$2:$D$13 and $G$2:$G$13.
